{
  "experiment_name": "real_arc_v1",
  "num_tasks": 96,
  "epochs_per_task": 30,
  "final_avg_loss": 1.345743654606243,
  "task_losses": {
    "5daaa586": 0.9464969635009766,
    "46442a0e": 1.3837213516235352,
    "50846271": 0.9753330945968628,
    "88a62173": 1.1080979108810425,
    "e76a88a6": 0.9441995620727539,
    "c444b776": 0.7681061625480652,
    "94f9d214": 0.417213499546051,
    "c9f8e694": 1.2586169242858887,
    "5117e062": 0.9764077067375183,
    "e9afcf9a": 1.3521778583526611,
    "57aa92db": 0.6585360765457153,
    "4258a5f9": 0.7574219703674316,
    "3e980e27": 0.4565466642379761,
    "0962bcdd": 0.6502732038497925,
    "9565186b": 1.016688585281372,
    "6430c8c4": 0.478141188621521,
    "2dd70a9a": 0.8795785903930664,
    "8eb1be9a": 1.028660535812378,
    "2013d3e2": 1.75487220287323,
    "1e0a9b12": 0.9069806933403015,
    "b6afb2da": 1.231954574584961,
    "d364b489": 1.0670483112335205,
    "39a8645d": 1.2585721015930176,
    "3af2c5a8": 1.1766505241394043,
    "ba26e723": 1.0840219259262085,
    "a85d4709": 1.6184056997299194,
    "aba27056": 1.5206263065338135,
    "9ecd008a": 2.0317201614379883,
    "890034e9": 1.6521072387695312,
    "90f3ed37": 0.6296944618225098,
    "dbc1a6ce": 0.6798205971717834,
    "941d9a10": 1.745520830154419,
    "b9b7f026": 2.2480967044830322,
    "af902bf9": 0.756110429763794,
    "b7249182": 0.670958936214447,
    "9edfc990": 1.8928196430206299,
    "74dd1130": 2.17270565032959,
    "e3497940": 1.1550803184509277,
    "46f33fce": 0.9025204181671143,
    "9d9215db": 0.4753335416316986,
    "dc1df850": 1.1340062618255615,
    "6f8cd79b": 1.767916202545166,
    "e21d9049": 0.8712259531021118,
    "1f0c79e5": 1.384185552597046,
    "1caeab9d": 0.9758915901184082,
    "f8ff0b80": 2.2536439895629883,
    "d4a91cb9": 0.48744940757751465,
    "90c28cc7": 2.314934730529785,
    "6b9890af": 1.8021453619003296,
    "b230c067": 0.9168661832809448,
    "8403a5d5": 1.4388656616210938,
    "1bfc4729": 1.6774622201919556,
    "22233c11": 0.6964759230613708,
    "91413438": 0.8651253581047058,
    "e26a3af2": 2.2379422187805176,
    "05f2a901": 0.9754618406295776,
    "6855a6e4": 0.6150343418121338,
    "b8cdaf2b": 1.567833662033081,
    "ec883f72": 1.3177297115325928,
    "6455b5f5": 1.7001157999038696,
    "794b24be": 1.1317980289459229,
    "a68b268e": 2.8936564922332764,
    "1b60fb0c": 1.3066601753234863,
    "a416b8f3": 1.7923617362976074,
    "d4469b4b": 1.798932433128357,
    "f76d97a5": 2.051363229751587,
    "a61ba2ce": 1.9302904605865479,
    "045e512c": 0.5414444804191589,
    "b60334d2": 1.342904806137085,
    "3906de3d": 0.8834953308105469,
    "d2abd087": 0.9635828733444214,
    "1e32b0e9": 1.3254609107971191,
    "ce22a75a": 1.1096628904342651,
    "7c008303": 1.678128957748413,
    "4093f84a": 1.2295665740966797,
    "22eb0ac0": 0.8626402616500854,
    "a8c38be5": 2.4424047470092773,
    "963e52fc": 1.4445722103118896,
    "1a07d186": 0.886734664440155,
    "73251a56": 2.7303543090820312,
    "7fe24cdd": 2.1174421310424805,
    "b1948b0a": 2.5686166286468506,
    "6d0160f0": 1.5553058385849,
    "72322fa7": 0.8983659744262695,
    "846bdb03": 1.9912034273147583,
    "3618c87e": 1.0916893482208252,
    "ded97339": 0.8661202788352966,
    "a87f7484": 2.528923273086548,
    "44f52bb0": 2.320420742034912,
    "f8c80d96": 2.271651029586792,
    "623ea044": 1.2227683067321777,
    "746b3537": 2.290926694869995,
    "a3df8b1e": 1.4134577512741089,
    "88a10436": 0.9830268621444702,
    "f8a8fe49": 0.5780377984046936,
    "469497ad": 2.459268093109131
  },
  "model_config": {
    "grid_size": 30,
    "num_colors": 10,
    "embed_dim": 256,
    "num_fractal_levels": 4,
    "heads": 8
  }
}