{
  "experiment_name": "full_arc_training",
  "num_tasks": 400,
  "epochs_per_task": 40,
  "curriculum_learning": true,
  "adaptive_lr": true,
  "final_avg_loss": 1.6134859968349338,
  "training_time_hours": 0.6093706513113446,
  "task_losses": {
    "794b24be": 0.22412557899951935,
    "44f52bb0": 0.7034072875976562,
    "6e02f1e3": 0.41823610663414,
    "239be575": 0.7872681021690369,
    "ff28f65a": 0.2672399580478668,
    "fafffa47": 0.5335984826087952,
    "dae9d2b5": 1.1616507768630981,
    "d4469b4b": 0.5962679982185364,
    "b0c4d837": 0.2316027581691742,
    "1b2d62fb": 0.56035977602005,
    "f2829549": 0.5959082245826721,
    "bc1d5164": 1.697128176689148,
    "75b8110e": 1.6549646854400635,
    "007bbfb7": 1.3274939060211182,
    "27a28665": 2.3012197017669678,
    "a68b268e": 1.9445881843566895,
    "cf98881b": 1.156614899635315,
    "25ff71a9": 0.5842115879058838,
    "ed36ccf7": 1.925926685333252,
    "6d0aefbc": 1.3343238830566406,
    "a85d4709": 2.089293956756592,
    "74dd1130": 1.5572314262390137,
    "9565186b": 1.1001574993133545,
    "ae4f1146": 1.6198316812515259,
    "4c4377d9": 2.220794916152954,
    "94f9d214": 1.2482713460922241,
    "3c9b0459": 2.3470616340637207,
    "a9f96cdd": 1.132487416267395,
    "44d8ac46": 1.084837555885315,
    "6430c8c4": 1.310540795326233,
    "0d3d703e": 2.3772401809692383,
    "6773b310": 1.554389476776123,
    "99b1bc43": 1.1166713237762451,
    "ce4f8723": 0.5350436568260193,
    "ea32f347": 0.9655186533927917,
    "1f0c79e5": 1.3868470191955566,
    "25d8a9c8": 1.5088615417480469,
    "3428a4f5": 1.2470118999481201,
    "e48d4e1a": 0.949722170829773,
    "67e8384a": 2.2434234619140625,
    "6fa7a44f": 2.2207019329071045,
    "2bcee788": 1.5106178522109985,
    "d9fac9be": 2.2223474979400635,
    "09629e4f": 1.6193921566009521,
    "3e980e27": 0.6765729188919067,
    "995c5fa3": 2.221047878265381,
    "dc433765": 0.619979739189148,
    "662c240a": 2.263779878616333,
    "746b3537": 2.271047592163086,
    "253bf280": 0.7124240398406982,
    "28e73c20": 0.9267679452896118,
    "5bd6f4ac": 1.9747589826583862,
    "7df24a62": 0.8183025121688843,
    "ba26e723": 2.061831474304199,
    "f8b3ba0a": 2.199758529663086,
    "776ffc46": 0.7845373749732971,
    "8be77c9e": 1.6034021377563477,
    "c9e6f938": 1.4633305072784424,
    "3618c87e": 0.3518941402435303,
    "6d0160f0": 0.906591534614563,
    "a87f7484": 2.167287588119507,
    "bbc9ae5d": 1.3649097681045532,
    "88a62173": 1.8782439231872559,
    "ded97339": 0.6743777990341187,
    "3af2c5a8": 1.3264596462249756,
    "b8825c91": 2.349334239959717,
    "62c24649": 1.9524106979370117,
    "017c7c7b": 1.7661699056625366,
    "760b3cac": 1.3927361965179443,
    "cce03e0d": 1.0651483535766602,
    "0520fde7": 1.134732961654663,
    "de1cd16c": 2.2408227920532227,
    "1fad071e": 1.9554393291473389,
    "3906de3d": 0.9150316715240479,
    "22233c11": 0.44916170835494995,
    "af902bf9": 0.6010048389434814,
    "1b60fb0c": 1.0884069204330444,
    "00d62c1b": 0.9218811392784119,
    "5c0a986e": 0.6794222593307495,
    "ef135b50": 1.6774876117706299,
    "29ec7d0e": 2.160823345184326,
    "e5062a87": 2.071655750274658,
    "28bf18c6": 1.7231788635253906,
    "2281f1f4": 0.8508853912353516,
    "d037b0a7": 2.065126895904541,
    "8d5021e8": 1.5253947973251343,
    "8f2ea7aa": 1.2426813840866089,
    "5582e5ca": 2.9354238510131836,
    "7fe24cdd": 2.2090702056884766,
    "d2abd087": 1.1562647819519043,
    "b230c067": 1.0220311880111694,
    "53b68214": 0.7558465003967285,
    "a3325580": 2.45023775100708,
    "7ddcd7ec": 0.6936237812042236,
    "868de0fa": 1.5827592611312866,
    "05269061": 2.6504592895507812,
    "8403a5d5": 1.4200633764266968,
    "f8c80d96": 2.4138340950012207,
    "941d9a10": 1.8358649015426636,
    "a78176bb": 1.1303584575653076,
    "e8593010": 2.5879530906677246,
    "6e82a1ae": 1.0074965953826904,
    "d13f3404": 1.5618362426757812,
    "48d8fb45": 1.8362343311309814,
    "6f8cd79b": 2.162867307662964,
    "508bd3b6": 1.1202640533447266,
    "cbded52d": 1.8685698509216309,
    "b91ae062": 1.840800166130066,
    "447fd412": 0.9207517504692078,
    "29623171": 1.516983985900879,
    "aedd82e4": 1.5897071361541748,
    "90f3ed37": 1.0518831014633179,
    "6855a6e4": 0.7125481963157654,
    "f8a8fe49": 0.6629805564880371,
    "feca6190": 1.0109583139419556,
    "c0f76784": 1.3381690979003906,
    "22168020": 1.183021068572998,
    "445eab21": 2.615518808364868,
    "11852cab": 0.7279996871948242,
    "681b3aeb": 2.663078784942627,
    "d43fd935": 0.9372844696044922,
    "67385a82": 1.594937801361084,
    "539a4f51": 3.1430764198303223,
    "444801d8": 1.3843085765838623,
    "80af3007": 1.5397037267684937,
    "7837ac64": 1.7837069034576416,
    "0ca9ddb6": 0.9610087275505066,
    "36d67576": 0.896620512008667,
    "c3e719e8": 1.9994697570800781,
    "5521c0d9": 0.7506078481674194,
    "4093f84a": 1.2994812726974487,
    "d631b094": 2.29868221282959,
    "e40b9e2f": 0.8697185516357422,
    "3befdf3e": 1.417205810546875,
    "a8d7556c": 2.2871925830841064,
    "7c008303": 1.6820424795150757,
    "ae3edfdc": 0.5031173229217529,
    "d8c310e9": 1.276444911956787,
    "e98196ab": 1.1093778610229492,
    "32597951": 1.5416905879974365,
    "a1570a43": 0.8803706169128418,
    "23b5c85d": 2.680218458175659,
    "e3497940": 1.3184056282043457,
    "f8ff0b80": 2.224820137023926,
    "39a8645d": 1.8494818210601807,
    "93b581b8": 1.8732208013534546,
    "d10ecb37": 2.3000986576080322,
    "ddf7fa4f": 1.488936424255371,
    "2204b7a8": 1.2008256912231445,
    "d6ad076f": 1.8456320762634277,
    "1f876c06": 0.979856014251709,
    "5117e062": 1.9442403316497803,
    "1e32b0e9": 1.3903145790100098,
    "dbc1a6ce": 1.0483962297439575,
    "9af7a82c": 1.7608582973480225,
    "22eb0ac0": 0.9133418798446655,
    "63613498": 1.18562912940979,
    "1f642eb9": 0.8632301688194275,
    "fcc82909": 1.0064942836761475,
    "228f6490": 1.9615278244018555,
    "8e5a5113": 2.7531847953796387,
    "137eaa0f": 2.4187066555023193,
    "cdecee7f": 2.435542106628418,
    "d89b689b": 0.5351671576499939,
    "31aa019c": 0.616072416305542,
    "3631a71a": 1.8135828971862793,
    "d406998b": 1.4880404472351074,
    "952a094c": 1.0253751277923584,
    "6cf79266": 2.235487461090088,
    "9d9215db": 0.6861003637313843,
    "b8cdaf2b": 1.5166301727294922,
    "5c2c9af4": 1.2512080669403076,
    "b2862040": 4.816997051239014,
    "99fa7670": 1.5439907312393188,
    "46f33fce": 1.001737117767334,
    "10fcaaa3": 1.681388258934021,
    "c3f564a4": 3.2347609996795654,
    "890034e9": 2.0834460258483887,
    "56ff96f3": 1.2702332735061646,
    "363442ee": 1.8825047016143799,
    "3aa6fb7a": 0.9672706723213196,
    "6d58a25d": 0.7710773348808289,
    "dc0a314f": 3.0797603130340576,
    "e9afcf9a": 2.904933452606201,
    "bdad9b1f": 1.244262456893921,
    "b60334d2": 1.3289785385131836,
    "ce22a75a": 1.3358800411224365,
    "4258a5f9": 1.4332892894744873,
    "234bbc79": 1.5100282430648804,
    "60b61512": 1.127023458480835,
    "d22278a0": 1.593144178390503,
    "4522001f": 1.3613104820251465,
    "b9b7f026": 2.32391095161438,
    "9ecd008a": 2.492685317993164,
    "6455b5f5": 1.921964168548584,
    "e9614598": 0.5825047492980957,
    "91714a58": 0.5627444982528687,
    "6c434453": 0.9816639423370361,
    "b527c5c6": 1.6441477537155151,
    "a48eeaf7": 0.5766704082489014,
    "d9f24cd1": 1.1702100038528442,
    "bb43febb": 1.4461547136306763,
    "6e19193c": 0.981228768825531,
    "d4f3cd78": 1.3376590013504028,
    "846bdb03": 1.8819773197174072,
    "045e512c": 0.6831116080284119,
    "aabf363d": 1.239637017250061,
    "23581191": 1.681365966796875,
    "ba97ae07": 1.2561641931533813,
    "a61f2674": 0.730749785900116,
    "0dfd9992": 3.285496711730957,
    "6150a2bd": 1.9609565734863281,
    "91413438": 0.926330029964447,
    "ec883f72": 1.2753567695617676,
    "694f12f3": 1.438078761100769,
    "82819916": 1.2726460695266724,
    "ff805c23": 2.2942748069763184,