{
  "experiment_name": "arc_demo_quick",
  "config": {
    "model": {
      "grid_size": 30,
      "num_colors": 10,
      "embed_dim": 256,
      "num_fractal_levels": 4,
      "heads": 8
    },
    "training": {
      "learning_rate": 0.001,
      "num_epochs_per_task": 100,
      "use_synthetic": true
    },
    "evaluation": {
      "num_eval_tasks": 20
    },
    "synthetic_tasks": [
      "copy_pattern",
      "color_mapping",
      "pattern_completion",
      "symmetry",
      "scaling"
    ]
  },
  "training_history": [
    0.15987935662269592,
    0.18311414122581482,
    0.18430279195308685,
    0.10898875445127487,
    0.2150697410106659,
    0.17293384671211243,
    0.23897907137870789,
    0.2057933211326599,
    0.2201451063156128,
    0.14966192841529846,
    0.12791594862937927,
    0.16208374500274658,
    0.17923025786876678,
    0.16342313587665558,
    0.12042611837387085,
    0.18362084031105042,
    0.17746877670288086,
    0.1545916646718979,
    0.12964241206645966,
    0.12289437651634216,
    0.1871720403432846,
    0.12518391013145447,
    0.11050944775342941,
    0.1500478833913803,
    0.15131226181983948,
    0.20792630314826965,
    0.15223541855812073,
    0.22545358538627625,
    0.15659084916114807,
    0.19125978648662567,
    0.14375445246696472,
    0.21508073806762695,
    0.15047237277030945,
    0.10044819116592407,
    0.11214699596166611,
    0.23506055772304535,
    0.11553417891263962,
    0.18353605270385742,
    0.20578770339488983,
    0.1233535036444664,
    0.08722484111785889,
    0.13130149245262146,
    0.20606082677841187,
    0.20961371064186096,
    0.15387628972530365,
    0.20711436867713928,
    0.22700661420822144,
    0.129580557346344,
    0.16630765795707703,
    0.11949634552001953,
    2.1288485527038574,
    2.1465353965759277,
    2.1242809295654297,
    2.1152477264404297,
    2.1337146759033203,
    2.1502819061279297,
    2.134230136871338,
    2.158261299133301,
    2.2027499675750732,
    2.154524326324463,
    2.15213680267334,
    2.1391310691833496,
    2.160320997238159,
    2.2684123516082764,
    2.14955472946167,
    2.1356565952301025,
    2.1390843391418457,
    2.1600873470306396,
    2.1571106910705566,
    2.214808225631714,
    2.1638896465301514,
    2.159575939178467,
    2.2063615322113037,
    2.1763758659362793,
    2.267646551132202,
    2.299818992614746,
    2.2851016521453857,
    2.2746119499206543,
    2.1825597286224365,
    2.242628335952759,
    2.225860118865967,
    2.230154514312744,
    2.2499473094940186,
    2.2059214115142822,
    2.2796435356140137,
    2.2483396530151367,
    2.2350800037384033,
    2.264047384262085,
    2.295408010482788,
    2.2714757919311523,
    2.2306156158447266,
    2.2875802516937256,
    2.238511323928833,
    2.218588352203369,
    2.261003255844116,
    2.2740323543548584,
    2.2422447204589844,
    2.25081205368042,
    2.18221378326416,
    2.2306418418884277,
    0.258862167596817,
    0.2276032269001007,
    0.21071675419807434,
    0.15467636287212372,
    0.22180315852165222,
    0.15017476677894592,
    0.15765389800071716,
    0.2474755048751831,
    0.16966670751571655,
    0.13774311542510986,
    0.1455499529838562,
    0.13088777661323547,
    0.1812085211277008,
    0.19167909026145935,
    0.11928093433380127,
    0.2170589417219162,
    0.1887575387954712,
    0.21916000545024872,
    0.1655551642179489,
    0.1962839961051941,
    0.21610574424266815,
    0.1919599175453186,
    0.17526209354400635,
    0.14100497961044312,
    0.152225524187088,
    0.13686716556549072,
    0.14050453901290894,
    0.26001447439193726,
    0.21443073451519012,
    0.16294369101524353,
    0.2469315379858017,
    0.19894783198833466,
    0.2123107612133026,
    0.27515560388565063,
    0.18990883231163025,
    0.2149132788181305,
    0.26115185022354126,
    0.1816021054983139,
    0.2395823895931244,
    0.16606757044792175,
    0.20660190284252167,
    0.13700662553310394,
    0.2582421898841858,
    0.22511260211467743,
    0.16787558794021606,
    0.25681033730506897,
    0.17315617203712463,
    0.15593433380126953,
    0.31108176708221436,
    0.2485981583595276,
    1.0830538272857666,
    1.1268728971481323,
    1.1647894382476807,
    1.2153468132019043,
    1.1805285215377808,
    0.8823918104171753,
    0.9341866970062256,
    1.052433967590332,
    1.0885154008865356,
    1.0742652416229248,
    1.045729160308838,
    0.9007686376571655,
    0.8278713226318359,
    0.8944530487060547,
    0.8897947072982788,
    0.8725957274436951,
    0.8108301162719727,
    0.8642643690109253,
    0.9136218428611755,
    0.7151619791984558,
    0.7990131378173828,
    0.7851401567459106,
    0.8828867673873901,
    0.6496562361717224,
    0.775365948677063,
    0.8104190230369568,
    0.771248996257782,
    0.8895713686943054,
    0.8962920904159546,
    0.8875985145568848,
    0.9354003667831421,
    0.7444572448730469,
    0.8190723657608032,
    0.688295841217041,
    0.7988868951797485,
    1.0104289054870605,
    0.819570779800415,
    0.8059432506561279,
    0.7656344771385193,
    0.6833148002624512,
    0.8185045719146729,
    0.7262612581253052,
    0.9188779592514038,
    0.8617181777954102,
    0.6800804138183594,
    0.7558230757713318,
    0.6824305057525635,
    0.7225474119186401,
    0.8029766082763672,
    1.0001975297927856,
    0.5786669850349426,
    0.539073646068573,
    0.5017557144165039,
    0.5454238057136536,
    0.6374112963676453,
    0.5545178651809692,
    0.4395900368690491,
    0.6087921857833862,
    0.6370782852172852,
    0.5394093990325928,
    0.4576110541820526,
    0.37880977988243103,
    0.47790786623954773,
    0.5686246752738953,
    0.6296193599700928,
    0.38498347997665405,
    0.48729968070983887,
    0.4493228793144226,
    0.389798641204834,
    0.3666538894176483,
    0.3738495111465454,
    0.4971643090248108,
    0.4721834063529968,
    0.4011242389678955,
    0.42959779500961304,
    0.4514619708061218,
    0.43925708532333374,
    0.4138149917125702,
    0.47225627303123474,
    0.42094409465789795,
    0.38319310545921326,
    0.35052239894866943,
    0.518429160118103,
    0.38286471366882324,
    0.38515782356262207,
    0.299976110458374,
    0.45155757665634155,
    0.6233016848564148,
    0.38402479887008667,
    0.3008328378200531,
    0.4146322011947632,
    0.4376554489135742,
    0.5225582122802734,
    0.25086575746536255,
    0.48602092266082764,
    0.5231771469116211,
    0.4384932219982147,
    0.5282959342002869,
    0.32246971130371094,
    0.27467772364616394
  ],
  "evaluation_results": [
    {
      "type": "synthetic",
      "results": {
        "copy_pattern": {
          "accuracy": 0.9613333582878113,
          "std": 0.015458423492002035,
          "all_accuracies": [
            0.9511111378669739,
            0.9800000190734863,
            0.9511111378669739,
            0.9300000071525574,
            0.9677777886390686,
            0.9800000190734863,
            0.9666666984558105,
            0.9577777981758118,
            0.9533333778381348,
            0.9377778172492981,
            0.9477778077125549,
            0.9822222590446472,
            0.9711111187934875,
            0.9533333778381348,
            0.9800000190734863,
            0.9688889384269714,
            0.9533333778381348,
            0.9422222375869751,
            0.9844444394111633,
            0.9677777886390686
          ]
        },
        "color_mapping": {
          "accuracy": 0.10138889141380787,
          "std": 0.012043516587591806,