{
  "experiment_name": "real_arc_v2_extended",
  "num_tasks": 143,
  "epochs_per_task": 75,
  "final_avg_loss": 1.300821824374127,
  "task_losses": {
    "6d0aefbc": 0.6064407229423523,
    "1caeab9d": 0.16197556257247925,
    "6a1e5592": 0.17918241024017334,
    "4258a5f9": 0.5582637190818787,
    "29c11459": 0.30368590354919434,
    "f8a8fe49": 0.3188120722770691,
    "a740d043": 2.71531774842515e-07,
    "6f8cd79b": 0.0,
    "1a07d186": 0.23796126246452332,
    "50846271": 0.8221991062164307,
    "a3df8b1e": 0.3310796022415161,
    "aba27056": 0.9266161322593689,
    "57aa92db": 0.34475961327552795,
    "22168020": 0.5448675751686096,
    "39a8645d": 0.7911471128463745,
    "b94a9452": 0.03804106265306473,
    "46f33fce": 0.6366400718688965,
    "b230c067": 0.3564017713069916,
    "9d9215db": 0.3426048755645752,
    "623ea044": 0.499408096075058,
    "6150a2bd": 0.9312601089477539,
    "3618c87e": 0.30183637142181396,
    "b7249182": 0.6112145781517029,
    "9565186b": 1.0489509105682373,
    "a65b410d": 0.3214062452316284,
    "234bbc79": 1.0084624290466309,
    "d4469b4b": 0.5834555625915527,
    "1f0c79e5": 0.9937049150466919,
    "1e32b0e9": 1.241853952407837,
    "6b9890af": 1.4506515264511108,
    "a85d4709": 1.0913372039794922,
    "b9b7f026": 1.9220280647277832,
    "e9614598": 0.41957440972328186,
    "a8c38be5": 1.4134416580200195,
    "5117e062": 1.4066351652145386,
    "f8c80d96": 1.5234489440917969,
    "017c7c7b": 0.5965856313705444,
    "8eb1be9a": 0.8020122051239014,
    "1bfc4729": 1.4705545902252197,
    "e9afcf9a": 1.555912733078003,
    "3c9b0459": 1.9807586669921875,
    "46442a0e": 2.010067939758301,
    "834ec97d": 0.9278830289840698,
    "6455b5f5": 1.2293784618377686,
    "25d8a9c8": 0.6804795265197754,
    "846bdb03": 1.7758095264434814,
    "53b68214": 0.5965100526809692,
    "94f9d214": 0.5281946659088135,
    "d2abd087": 0.7738738059997559,
    "6855a6e4": 0.38780248165130615,
    "890034e9": 1.761911392211914,
    "2dc579da": 1.4154009819030762,
    "941d9a10": 2.042815923690796,
    "e26a3af2": 2.2065274715423584,
    "60b61512": 0.9466004371643066,
    "9172f3a0": 1.503543496131897,
    "22233c11": 0.44531604647636414,
    "90f3ed37": 0.8374101519584656,
    "7fe24cdd": 2.1143481731414795,
    "508bd3b6": 0.9346051216125488,
    "ec883f72": 1.3184266090393066,
    "a87f7484": 1.955268144607544,
    "93b581b8": 1.8126144409179688,
    "90c28cc7": 2.2738418579101562,
    "3906de3d": 1.011756420135498,
    "d364b489": 1.039888858795166,
    "5c2c9af4": 1.1904454231262207,
    "025d127b": 0.8432446718215942,
    "e8dc4411": 2.136813163757324,
    "ba26e723": 1.7723703384399414,
    "6430c8c4": 1.1876879930496216,
    "794b24be": 0.8665817379951477,
    "e76a88a6": 1.2182642221450806,
    "760b3cac": 0.893081784248352,
    "963e52fc": 1.2133843898773193,
    "dc1df850": 1.4765199422836304,
    "c444b776": 0.9241076111793518,
    "694f12f3": 1.2217481136322021,
    "a416b8f3": 1.8531501293182373,
    "91413438": 0.8796049952507019,
    "ae4f1146": 2.3002631664276123,
    "aabf363d": 1.0601719617843628,
    "a78176bb": 1.0211026668548584,
    "f35d900a": 0.9772952198982239,
    "d511f180": 2.3534326553344727,
    "72322fa7": 0.5822359323501587,
    "f76d97a5": 1.7043026685714722,
    "b8cdaf2b": 1.5316038131713867,
    "b6afb2da": 1.3586087226867676,
    "e3497940": 1.1690590381622314,
    "469497ad": 1.9269092082977295,
    "f8b3ba0a": 2.332199811935425,
    "e21d9049": 0.843367338180542,
    "d0f5fe59": 1.4752038717269897,
    "ce22a75a": 1.240933895111084,
    "88a62173": 1.8601154088974,
    "9ecd008a": 2.609943389892578,
    "6aa20dc0": 2.62949275970459,
    "6d0160f0": 1.8407154083251953,
    "ea32f347": 0.7908157110214233,
    "a61ba2ce": 2.075150966644287,
    "b60334d2": 1.5139219760894775,
    "2013d3e2": 2.0624799728393555,
    "05f2a901": 0.6484118700027466,
    "10fcaaa3": 1.5755114555358887,
    "a3325580": 2.473210334777832,
    "22eb0ac0": 0.8798263072967529,
    "746b3537": 2.4879751205444336,
    "73251a56": 3.3751494884490967,
    "c9f8e694": 1.5602108240127563,
    "c1d99e64": 2.0499417781829834,
    "dbc1a6ce": 1.1058828830718994,
    "9edfc990": 2.7019240856170654,
    "b1948b0a": 2.6448397636413574,
    "045e512c": 0.8323866128921509,
    "ded97339": 0.8715174198150635,
    "47c1f68c": 1.2383102178573608,
    "a68b268e": 2.4931440353393555,
    "c0f76784": 1.610970377922058,
    "f8ff0b80": 2.409172773361206,
    "09629e4f": 2.3415796756744385,
    "db3e9e38": 1.6612743139266968,
    "1b60fb0c": 1.3417699337005615,
    "32597951": 1.4297435283660889,
    "5bd6f4ac": 2.0078635215759277,
    "3af2c5a8": 1.6672873497009277,
    "9f236235": 1.6215283870697021,
    "0962bcdd": 1.1354129314422607,
    "5daaa586": 1.9144195318222046,
    "4093f84a": 1.6019761562347412,
    "7c008303": 1.617319941520691,
    "3e980e27": 0.7832022905349731,
    "6e02f1e3": 1.802075743675232,
    "af902bf9": 0.8247808218002319,
    "88a10436": 0.9446198344230652,
    "8403a5d5": 1.4681730270385742,
    "d631b094": 2.4749233722686768,
    "1e0a9b12": 1.3331520557403564,
    "beb8660c": 1.6348628997802734,
    "44f52bb0": 2.7352561950683594,
    "d4a91cb9": 0.8013366460800171,
    "74dd1130": 2.573516368865967,
    "2dd70a9a": 1.2012830972671509
  },
  "model_config": {
    "grid_size": 30,
    "num_colors": 10,
    "embed_dim": 256,
    "num_fractal_levels": 4,
    "heads": 8
  }
}