{
  "experiment_name": "full_arc_curriculum_v1",
  "num_tasks": 400,
  "epochs_per_task": 35,
  "curriculum_learning": true,
  "adaptive_lr": true,
  "final_avg_loss": 1.7020822433382272,
  "training_time_hours": 0.390177713698811,
  "task_losses": {
    "794b24be": 0.24795210361480713,
    "44f52bb0": 2.1330018043518066,
    "6e02f1e3": 0.41843006014823914,
    "239be575": 0.7556227445602417,
    "ff28f65a": 0.46607494354248047,
    "fafffa47": 0.5824190378189087,
    "dae9d2b5": 0.5559245944023132,
    "d4469b4b": 0.5864746570587158,
    "b0c4d837": 0.2745004892349243,
    "1b2d62fb": 0.5284714698791504,
    "f2829549": 0.6169248819351196,
    "bc1d5164": 1.5111918449401855,
    "75b8110e": 2.263242483139038,
    "007bbfb7": 1.4373410940170288,
    "27a28665": 2.295558452606201,
    "a68b268e": 2.226464033126831,
    "cf98881b": 2.006850004196167,
    "25ff71a9": 1.1414568424224854,
    "ed36ccf7": 2.2365427017211914,
    "6d0aefbc": 2.3237855434417725,
    "a85d4709": 2.2471680641174316,
    "74dd1130": 2.335587739944458,
    "9565186b": 2.0392589569091797,
    "ae4f1146": 1.8548558950424194,
    "4c4377d9": 2.239809036254883,
    "94f9d214": 1.8612964153289795,
    "3c9b0459": 2.2386586666107178,
    "a9f96cdd": 1.686586618423462,
    "44d8ac46": 1.1862303018569946,
    "6430c8c4": 1.1996870040893555,
    "0d3d703e": 2.4245147705078125,
    "6773b310": 1.6918073892593384,
    "99b1bc43": 1.4279546737670898,
    "ce4f8723": 0.7350690364837646,
    "ea32f347": 1.1596705913543701,
    "1f0c79e5": 1.6692160367965698,
    "25d8a9c8": 1.6704673767089844,
    "3428a4f5": 1.0405452251434326,
    "e48d4e1a": 0.9987058639526367,
    "67e8384a": 2.456422805786133,
    "6fa7a44f": 2.5357248783111572,
    "2bcee788": 1.8951945304870605,
    "d9fac9be": 2.318657159805298,
    "09629e4f": 1.9610769748687744,
    "3e980e27": 0.9907290935516357,
    "995c5fa3": 2.4081902503967285,
    "dc433765": 0.8837859034538269,
    "662c240a": 2.3940329551696777,
    "746b3537": 2.3126325607299805,
    "253bf280": 0.7844985127449036,
    "28e73c20": 1.1090162992477417,
    "5bd6f4ac": 1.9787852764129639,
    "7df24a62": 0.8630216121673584,
    "ba26e723": 2.109927177429199,
    "f8b3ba0a": 2.31660795211792,
    "776ffc46": 0.9273804426193237,
    "8be77c9e": 1.68111252784729,
    "c9e6f938": 1.80228853225708,
    "3618c87e": 1.1456525325775146,
    "6d0160f0": 1.5209448337554932,
    "a87f7484": 2.2178843021392822,
    "bbc9ae5d": 1.7800133228302002,
    "88a62173": 2.0795364379882812,
    "ded97339": 0.8544098138809204,
    "3af2c5a8": 1.438793420791626,
    "b8825c91": 3.0878796577453613,
    "62c24649": 1.9723701477050781,
    "017c7c7b": 1.8338499069213867,
    "760b3cac": 1.4449074268341064,
    "cce03e0d": 1.175893783569336,
    "0520fde7": 1.5478956699371338,
    "de1cd16c": 2.3222856521606445,
    "1fad071e": 2.0598459243774414,
    "3906de3d": 1.4399909973144531,
    "22233c11": 0.8029085993766785,
    "af902bf9": 0.9199331998825073,
    "1b60fb0c": 1.619598150253296,
    "00d62c1b": 1.0915870666503906,
    "5c0a986e": 0.9605122804641724,
    "ef135b50": 2.1479620933532715,
    "29ec7d0e": 2.9718451499938965,
    "e5062a87": 2.1338634490966797,
    "28bf18c6": 1.9187816381454468,
    "2281f1f4": 1.1440085172653198,
    "d037b0a7": 2.093528985977173,
    "8d5021e8": 1.6627830266952515,
    "8f2ea7aa": 1.3970272541046143,
    "5582e5ca": 2.9151439666748047,
    "7fe24cdd": 2.2961652278900146,
    "d2abd087": 1.3090157508850098,
    "b230c067": 1.2068994045257568,
    "53b68214": 0.9690546989440918,
    "a3325580": 2.4766697883605957,
    "7ddcd7ec": 0.9375221729278564,
    "868de0fa": 1.7862064838409424,
    "05269061": 2.5430216789245605,
    "8403a5d5": 1.4608519077301025,
    "f8c80d96": 2.7118749618530273,
    "941d9a10": 1.944400668144226,
    "a78176bb": 1.2372939586639404,
    "e8593010": 2.6477115154266357,
    "6e82a1ae": 1.040353775024414,
    "d13f3404": 1.6546838283538818,
    "48d8fb45": 1.8853158950805664,
    "6f8cd79b": 2.0374858379364014,
    "508bd3b6": 1.2317980527877808,
    "cbded52d": 1.807093620300293,
    "b91ae062": 1.9455446004867554,
    "447fd412": 1.0926551818847656,
    "29623171": 1.5784540176391602,
    "aedd82e4": 1.7806169986724854,
    "90f3ed37": 1.1495842933654785,
    "6855a6e4": 0.8893188238143921,
    "f8a8fe49": 0.9004288911819458,
    "feca6190": 1.1257128715515137,
    "c0f76784": 1.4389348030090332,
    "22168020": 1.3114030361175537,
    "445eab21": 2.579066276550293,
    "11852cab": 0.9617958068847656,
    "681b3aeb": 2.596747398376465,
    "d43fd935": 1.1457204818725586,
    "67385a82": 1.5710645914077759,
    "539a4f51": 2.9188976287841797,
    "444801d8": 1.598939299583435,
    "80af3007": 1.5098536014556885,
    "7837ac64": 1.8106622695922852,
    "0ca9ddb6": 1.1682567596435547,
    "36d67576": 1.0044755935668945,
    "c3e719e8": 1.8744752407073975,
    "5521c0d9": 0.8906654119491577,
    "4093f84a": 1.3180272579193115,
    "d631b094": 2.359323501586914,
    "e40b9e2f": 1.091113805770874,
    "3befdf3e": 1.6393697261810303,
    "a8d7556c": 2.0968804359436035,
    "7c008303": 1.7470735311508179,
    "ae3edfdc": 0.722800612449646,
    "d8c310e9": 1.3152542114257812,
    "e98196ab": 1.2572126388549805,
    "32597951": 1.6386404037475586,
    "a1570a43": 1.202160358428955,
    "23b5c85d": 2.671943187713623,
    "e3497940": 1.4468430280685425,
    "f8ff0b80": 2.3225185871124268,
    "39a8645d": 1.8176629543304443,
    "93b581b8": 1.8640583753585815,
    "d10ecb37": 2.2676429748535156,
    "ddf7fa4f": 1.6396148204803467,
    "2204b7a8": 1.239119291305542,
    "d6ad076f": 1.871546745300293,
    "1f876c06": 1.11838960647583,
    "5117e062": 1.9097617864608765,
    "1e32b0e9": 1.5751503705978394,
    "dbc1a6ce": 1.1942310333251953,
    "9af7a82c": 1.8570269346237183,
    "22eb0ac0": 0.9918219447135925,
    "63613498": 1.282193660736084,
    "1f642eb9": 1.0924056768417358,
    "fcc82909": 1.1914782524108887,
    "228f6490": 1.8354883193969727,
    "8e5a5113": 2.7028167247772217,
    "137eaa0f": 2.4798288345336914,
    "cdecee7f": 2.3532798290252686,
    "d89b689b": 0.7850393056869507,
    "31aa019c": 0.8733276724815369,
    "3631a71a": 1.8201528787612915,
    "d406998b": 1.34702730178833,
    "952a094c": 1.2729241847991943,
    "6cf79266": 2.1592249870300293,
    "9d9215db": 0.7942858934402466,
    "b8cdaf2b": 1.5893210172653198,
    "5c2c9af4": 1.340772032737732,
    "b2862040": 4.206965923309326,
    "99fa7670": 1.6348847150802612,
    "46f33fce": 1.0456527471542358,
    "10fcaaa3": 1.6520273685455322,
    "c3f564a4": 2.955820083618164,
    "890034e9": 2.0239694118499756,
    "56ff96f3": 1.5195918083190918,
    "363442ee": 1.9194695949554443,
    "3aa6fb7a": 1.174208402633667,
    "6d58a25d": 0.8624774217605591,
    "dc0a314f": 3.1126809120178223,
    "e9afcf9a": 2.7395126819610596,
    "bdad9b1f": 1.3968281745910645,
    "b60334d2": 1.4316200017929077,
    "ce22a75a": 1.5217554569244385,
    "4258a5f9": 1.544570803642273,
    "234bbc79": 1.6800956726074219,
    "60b61512": 1.2043393850326538,
    "d22278a0": 1.6443721055984497,
    "4522001f": 1.3667058944702148,
    "b9b7f026": 2.258270740509033,
    "9ecd008a": 2.58956241607666,
    "6455b5f5": 2.1252102851867676,
    "e9614598": 0.8068646192550659,
    "91714a58": 0.7604775428771973,
    "6c434453": 1.1789591312408447,
    "b527c5c6": 1.523444414138794,
    "a48eeaf7": 0.8449420928955078,
    "d9f24cd1": 1.4600211381912231,
    "bb43febb": 1.5898958444595337,
    "6e19193c": 1.1949937343597412,
    "d4f3cd78": 1.4696245193481445,
    "846bdb03": 1.8943023681640625,
    "045e512c": 0.798007607460022,
    "aabf363d": 1.4394073486328125,
    "23581191": 1.8131818771362305,
    "ba97ae07": 1.4334408044815063,
    "a61f2674": 0.9827315807342529,
    "0dfd9992": 3.1679301261901855,
    "6150a2bd": 1.8589534759521484,
    "91413438": 1.000550389289856,
    "ec883f72": 1.3050457239151,
    "694f12f3": 1.4484645128250122,
    "82819916": 1.363205909729004,